{
    "providers": [
        {
            "type": "ttf",
            "file": "minecraft:font.ttf",
			"shift": [0, 0.5],
			"size": 11.0,
			"oversample": 6.0,
			"skip": ""
        },
        {
            "type": "bitmap",
            "file": "minecraft:font/admin.png",
            "ascent": 7,
            "height": 7,
            "chars": [
                    "ü"
                ]
        },
        {
            "type": "bitmap",
            "file": "minecraft:font/tex_admin.png",
            "ascent": 7,
            "height": 7,
            "chars": [
                    "Å"
                ]
        },
        {
            "type": "bitmap",
            "file": "minecraft:font/moder_prefix.png",
            "ascent": 7,
            "height": 7,
            "chars": [
                    "æ"
                ]
        },
        {
            "type": "bitmap",
            "file": "minecraft:font/sponsor_sss_prefix.png",
            "ascent": 7,
            "height": 7,
            "chars": [
                    "ð"
                ]
        },
        {
            "type": "bitmap",
            "file": "minecraft:font/sponsor+_prefix.png",
            "ascent": 7,
            "height": 7,
            "chars": [
                    "ø"
                ]
        },
        {
            "type": "bitmap",
            "file": "minecraft:font/sponsor_prefix.png",
            "ascent": 7,
            "height": 7,
            "chars": [
                    "¯"
                ]
        },
        {
            "type": "bitmap",
            "file": "minecraft:font/player.png",
            "ascent": 7,
            "height": 7,
            "chars": [
                    "¶"
                ]
        }
	]
}
