{
    "providers": [
        {
            "type": "bitmap",
            "file": "minecraft:font/logo.png",
            "ascent": 10,
            "height": 30,
            "chars": [
                    "\u0F0B"
                ]
        },
        {
            "type": "bitmap",
            "file": "minecraft:font/admin.png",
            "ascent": 7,
            "height": 7,
            "chars": [
                    "\u00C6"
                ]
        },
        {
            "type": "bitmap",
            "file": "minecraft:font/tex_admin.png",
            "ascent": 7,
            "height": 7,
            "chars": [
                    "\u00FE"
                ]
        },
        {
            "type": "bitmap",
            "file": "minecraft:font/moder_prefix.png",
            "ascent": 7,
            "height": 7,
            "chars": [
                    "\u00D6"
                ]
        },
        {
            "type": "bitmap",
            "file": "minecraft:font/sss.png",
            "ascent": 7,
            "height": 7,
            "chars": [
                    "\u00C5"
                ]
        },
        {
            "type": "bitmap",
            "file": "minecraft:font/sponsorplus_prefix.png",
            "ascent": 7,
            "height": 7,
            "chars": [
                    "\u00FF"
                ]
        },
        {
            "type": "bitmap",
            "file": "minecraft:font/sponsor_prefix.png",
            "ascent": 7,
            "height": 7,
            "chars": [
                    "\u00CE"
                ]
        },
        {
            "type": "bitmap",
            "file": "minecraft:font/player.png",
            "ascent": 7,
            "height": 7,
            "chars": [
                    "\u00B0"
                ]
        }
	]
}
